order_id,order_line_item,order_date,customer_email,customer_city,store_code,product_sku,category,quantity,unit_price,store_discount,payment_gateway_discount,tax_amount,amount_paid,transaction_type
ORD-10035,2,2024-05-19,customer_35@email.com,Boston,STORE-BOS03,SKU-H303,Home,3,198.32,0.0,0.0,47.6,642.56,SALE
ORD-10097,1,2023-04-11,customer_97@email.com,Boston,STORE-BOS03,SKU-F401,Food,4,22.04,8.82,0.0,6.35,85.69,SALE
ORD-10151,1,2025-08-14,customer_151@email.com,Boston,STORE-BOS03,SKU-H301,Home,2,153.87,0.0,0.0,24.62,332.36,SALE
ORD-10182,1,2025-11-03,customer_182@email.com,San Francisco,STORE-SF08,SKU-F404,Food,4,18.48,3.7,0.0,5.62,75.84,SALE
ORD-10206,2,2021-10-26,customer_206@email.com,Austin,STORE-AUS07,SKU-A202,Apparel,4,91.61,36.64,0.0,26.38,356.18,SALE
ORD-10211,3,2024-02-23,customer_211@email.com,Denver,STORE-DEN06,SKU-H303,Home,2,39.66,0.0,0.0,6.35,85.67,SALE
ORD-10214,3,2022-08-27,customer_214@email.com,Chicago,STORE-CHI02,SKU-F401,Food,2,25.06,5.01,0.0,3.61,48.72,SALE
ORD-10387,1,2023-01-08,customer_387@email.com,Boston,STORE-BOS03,SKU-H303,Home,4,141.35,0.0,0.0,45.23,610.63,SALE
ORD-10478,1,2022-04-27,customer_478@email.com,Boston,STORE-BOS03,SKU-E102,Electronics,2,1070.47,107.05,0.0,162.71,2196.6,SALE
ORD-10481,2,2023-12-06,customer_481@email.com,San Francisco,STORE-SF08,SKU-F404,Food,4,28.71,11.48,0.0,8.27,111.63,SALE
ORD-10512,1,2026-02-10,customer_512@email.com,Denver,STORE-DEN06,SKU-F401,Food,1,14.49,1.45,2.59,0.84,11.29,SALE
ORD-10526,2,2023-12-15,customer_526@email.com,New York,STORE-NY01,SKU-A202,Apparel,1,101.79,0.0,0.0,8.14,109.93,SALE
ORD-10574,1,2021-04-02,customer_574@email.com,Denver,STORE-DEN06,SKU-A202,Apparel,5,49.48,12.37,0.0,18.8,253.83,SALE
ORD-10661,1,2026-02-17,customer_661@email.com,Seattle,STORE-SEA04,SKU-F404,Food,3,28.76,4.31,3.9,6.25,84.32,SALE
ORD-10664,2,2024-03-12,customer_664@email.com,New York,STORE-NY01,SKU-E102,Electronics,2,548.03,54.8,0.0,83.3,1124.56,SALE
ORD-10702,1,2022-03-04,customer_702@email.com,Seattle,STORE-SEA04,SKU-F401,Food,5,8.52,0.0,0.0,3.41,46.01,SALE
ORD-10717,1,2025-09-18,customer_717@email.com,Austin,STORE-AUS07,SKU-H301,Home,4,83.6,0.0,0.0,26.75,361.15,SALE
ORD-10747,1,2025-06-29,customer_747@email.com,Miami,STORE-MIA05,SKU-H303,Home,1,22.88,2.29,0.0,1.65,22.24,SALE
ORD-10884,1,2021-03-29,customer_884@email.com,Denver,STORE-DEN06,SKU-E101,Electronics,5,664.72,0.0,0.0,265.89,3589.49,SALE
ORD-10937,2,2024-03-11,customer_937@email.com,Austin,STORE-AUS07,SKU-H301,Home,4,182.07,0.0,0.0,58.26,786.54,SALE
ORD-10939,3,2025-12-21,customer_939@email.com,New York,STORE-NY01,SKU-F404,Food,4,15.25,3.05,0.0,4.64,62.59,SALE
ORD-11025,1,2025-06-21,customer_1025@email.com,Boston,STORE-BOS03,SKU-A201,Apparel,5,86.68,0.0,0.0,34.67,468.07,SALE
ORD-11025,2,2025-06-21,customer_1025@email.com,Boston,STORE-BOS03,SKU-E102,Electronics,2,1050.29,210.06,0.0,151.24,2041.76,SALE
ORD-11045,1,2023-12-17,customer_1045@email.com,New York,STORE-NY01,SKU-H303,Home,4,110.12,44.05,0.0,31.71,428.14,SALE
ORD-11148,2,2021-02-17,customer_1148@email.com,Austin,STORE-AUS07,SKU-H301,Home,5,55.57,27.79,0.0,20.0,270.06,SALE
ORD-11174,1,2023-02-21,customer_1174@email.com,Boston,STORE-BOS03,SKU-H303,Home,5,68.96,0.0,0.0,27.58,372.38,SALE
ORD-11203,1,2026-05-10,customer_1203@email.com,Denver,STORE-DEN06,SKU-A202,Apparel,1,106.55,5.33,0.0,8.1,109.32,SALE
ORD-11235,2,2024-10-16,customer_1235@email.com,Miami,STORE-MIA05,SKU-E101,Electronics,4,368.59,73.72,0.0,112.05,1512.69,SALE
ORD-11245,1,2026-05-09,customer_1245@email.com,San Francisco,STORE-SF08,SKU-F401,Food,4,20.52,8.21,0.0,5.91,79.78,SALE
ORD-11249,2,2024-01-31,customer_1249@email.com,New York,STORE-NY01,SKU-A201,Apparel,1,54.6,2.73,0.0,4.15,56.02,SALE
ORD-11303,1,2022-12-06,customer_1303@email.com,Miami,STORE-MIA05,BAD_SKU,Apparel,3,21.4,0.0,0.0,5.14,69.34,SALE
ORD-11331,1,2021-11-13,customer_1331@email.com,Miami,STORE-MIA05,SKU-A201,Apparel,3,79.82,23.95,0.0,17.24,234.75,SALE
ORD-11338,1,2023-11-16,customer_1338@email.com,Seattle,STORE-SEA04,SKU-H303,Home,1,93.41,0.0,0.0,7.47,100.88,SALE
ORD-11360,2,2022-07-16,customer_1360@email.com,Seattle,STORE-SEA04,SKU-F401,Food,4,14.62,5.85,0.0,4.21,56.84,SALE
ORD-11461,1,2021-06-02,customer_1461@email.com,Chicago,STORE-CHI02,SKU-E102,Electronics,2,917.83,0.0,0.0,146.85,1982.51,SALE
ORD-11506,2,2023-11-09,customer_1506@email.com,Boston,STORE-BOS03,SKU-A201,Apparel,1,84.27,4.21,0.0,6.4,86.46,SALE
ORD-11569,2,2023-06-23,customer_1569@email.com,Seattle,STORE-SEA04,SKU-E102,Electronics,2,439.56,0.0,0.0,70.33,949.45,SALE
ORD-11651,1,2021-11-13,customer_1651@email.com,New York,STORE-NY01,SKU-A202,Apparel,4,105.91,42.36,0.0,30.5,411.78,SALE
ORD-11699,1,2023-03-15,customer_1699@email.com,Boston,STORE-BOS03,SKU-F404,Food,1,14.08,0.7,0.0,1.07,14.45,SALE
ORD-11722,1,2022-08-12,customer_1722@email.com,Denver,STORE-DEN06,SKU-F401,Food,5,9.68,0.0,0.0,3.87,52.27,SALE
ORD-11798,1,2022-11-07,customer_1798@email.com,Chicago,STORE-CHI02,SKU-E102,Electronics,4,791.09,316.44,8.99,227.11,3066.04,SALE
ORD-11812,1,2023-11-24,customer_1812@email.com,Seattle,STORE-SEA04,SKU-F401,Food,2,23.46,2.35,0.0,3.57,48.14,SALE
ORD-11868,1,2022-02-08,customer_1868@email.com,New York,STORE-NY01,SKU-H303,Home,4,188.15,37.63,0.0,57.2,772.17,SALE
ORD-11918,1,2022-01-29,customer_1918@email.com,Miami,STORE-MIA05,SKU-E101,Electronics,2,810.3,0.0,0.0,129.65,1750.25,SALE
ORD-11975,3,2023-07-26,customer_1975@email.com,Miami,STORE-MIA05,SKU-F401,Food,3,29.05,4.36,0.0,6.62,89.41,SALE
ORD-11979,1,2021-08-09,customer_1979@email.com,Boston,STORE-BOS03,SKU-E102,Electronics,2,494.94,0.0,0.0,79.19,1069.07,SALE
ORD-12039,2,2025-12-16,customer_2039@email.com,Boston,STORE-BOS03,SKU-A201,Apparel,3,53.99,8.1,0.0,12.31,166.18,SALE
ORD-12040,1,2021-12-13,customer_2040@email.com,Miami,STORE-MIA05,SKU-F404,Food,4,23.87,9.55,0.0,6.87,92.8,SALE
ORD-12052,1,2026-01-19,customer_2052@email.com,New York,STORE-NY01,SKU-F401,Food,4,11.47,0.0,0.0,3.67,49.55,SALE
ORD-12076,1,2022-02-18,customer_2076@email.com,New York,STORE-NY01,SKU-A202,Apparel,4,33.27,6.65,0.0,10.11,136.54,SALE
ORD-12179,1,2023-05-04,customer_2179@email.com,Boston,STORE-BOS03,SKU-H303,Home,3,118.1,0.0,0.0,28.34,382.64,SALE
ORD-12192,2,2023-06-02,customer_2192@email.com,Denver,STORE-DEN06,SKU-E101,Electronics,2,734.67,73.47,0.0,111.67,1507.54,SALE
ORD-12318,1,2023-11-21,customer_2318@email.com,New York,STORE-NY01,SKU-H301,Home,2,161.31,16.13,0.0,24.52,331.01,SALE
ORD-12350,3,2024-10-21,customer_2350@email.com,New York,STORE-NY01,SKU-A201,Apparel,2,88.13,8.81,0.0,13.4,180.85,SALE
ORD-12361,2,2025-04-23,customer_2361@email.com,Denver,STORE-DEN06,SKU-F401,Food,3,18.26,0.0,0.0,4.38,59.16,SALE
ORD-12365,1,2023-10-17,customer_2365@email.com,Boston,STORE-BOS03,SKU-F404,Food,5,16.03,4.01,0.0,6.09,82.23,SALE
ORD-12440,1,2023-07-01,customer_2440@email.com,Boston,STORE-BOS03,SKU-E102,Electronics,2,455.09,45.51,0.0,69.17,933.84,SALE
ORD-12533,2,2021-05-11,customer_2533@email.com,Boston,STORE-BOS03,SKU-E102,Electronics,5,252.62,63.16,0.0,96.0,1295.94,SALE
ORD-12594,3,2021-02-09,customer_2594@email.com,Chicago,STORE-CHI02,SKU-H301,Home,3,80.1,12.02,0.0,18.26,246.54,SALE
ORD-12613,1,2026-03-20,customer_2613@email.com,Denver,STORE-DEN06,SKU-E101,Electronics,2,802.52,0.0,0.0,128.4,1733.44,SALE
ORD-12635,3,2024-09-30,customer_2635@email.com,San Francisco,STORE-SF08,SKU-F404,Food,2,22.46,4.49,0.0,3.23,43.66,SALE
ORD-12640,2,2025-09-05,customer_2640@email.com,San Francisco,STORE-SF08,SKU-F401,Food,5,6.35,1.59,0.0,2.41,32.57,SALE
ORD-12641,1,2025-07-14,customer_2641@email.com,Chicago,STORE-CHI02,SKU-A202,Apparel,3,105.1,31.53,0.0,22.7,306.47,SALE
ORD-12666,2,2022-07-20,customer_2666@email.com,New York,STORE-NY01,SKU-E102,Electronics,2,449.95,45.0,0.0,68.39,923.29,SALE
ORD-12725,1,2022-04-14,customer_2725@email.com,Boston,STORE-BOS03,SKU-A202,Apparel,5,52.19,26.09,0.0,18.79,253.65,SALE
ORD-12771,1,2024-09-05,customer_2771@email.com,San Francisco,STORE-SF08,SKU-F401,Food,5,28.55,7.14,17.05,9.48,128.04,SALE
ORD-12846,2,2023-08-13,customer_2846@email.com,Austin,STORE-AUS07,SKU-E101,Electronics,1,1086.26,108.63,0.0,78.21,1055.84,SALE
ORD-12848,2,2021-09-30,customer_2848@email.com,Chicago,STORE-CHI02,SKU-A201,Apparel,2,45.16,0.0,-3.71,7.52,101.55,SALE
ORD-12850,1,2022-12-19,customer_2850@email.com,Miami,STORE-MIA05,SKU-A201,Apparel,2,44.66,0.0,0.0,7.15,96.47,SALE
ORD-12912,1,2026-02-08,customer_2912@email.com,Denver,STORE-DEN06,SKU-F401,Food,4,27.38,10.95,0.0,7.89,106.46,RETURN
ORD-12954,1,2022-02-12,customer_2954@email.com,New York,STORE-NY01,SKU-E101,Electronics,1,956.96,47.85,0.0,72.73,981.84,SALE
ORD-12964,3,2024-03-14,customer_2964@email.com,San Francisco,STORE-SF08,SKU-A202,Apparel,3,23.12,3.47,-0.37,5.3,71.56,SALE
ORD-12983,2,2024-08-23,customer_2983@email.com,Chicago,STORE-CHI02,SKU-F404,Food,4,10.91,2.18,0.0,3.32,44.78,SALE
ORD-13004,1,2022-02-06,customer_3004@email.com,Miami,STORE-MIA05,SKU-A201,Apparel,4,69.58,27.83,0.0,20.04,270.53,SALE
ORD-13024,1,2025-01-12,customer_3024@email.com,Boston,STORE-BOS03,SKU-F404,Food,5,24.8,6.2,0.0,9.42,127.22,SALE
ORD-13050,1,2025-02-22,customer_3050@email.com,Austin,STORE-AUS07,SKU-E101,Electronics,5,757.42,0.0,0.0,302.97,4090.07,SALE
ORD-13149,2,2022-07-31,customer_3149@email.com,Chicago,STORE-CHI02,SKU-A201,Apparel,3,85.48,25.64,0.0,18.46,249.26,RETURN
ORD-13188,3,2024-04-28,customer_3188@email.com,Boston,STORE-BOS03,SKU-H301,Home,1,53.93,0.0,0.0,4.31,58.24,SALE
ORD-13212,1,2021-08-08,customer_3212@email.com,Chicago,STORE-CHI02,SKU-A201,Apparel,3,96.93,29.08,0.0,20.94,282.65,SALE
ORD-13292,2,2022-06-19,customer_3292@email.com,Austin,STORE-AUS07,SKU-F404,Food,2,20.59,2.06,0.0,3.13,42.25,SALE
ORD-13303,2,2024-06-15,customer_3303@email.com,Chicago,STORE-CHI02,SKU-F401,Food,3,25.23,7.57,0.0,5.45,73.57,SALE
ORD-13333,2,2023-01-12,customer_3333@email.com,San Francisco,STORE-SF08,SKU-A202,Apparel,4,25.55,5.11,0.0,7.77,104.86,SALE
ORD-13414,3,2023-05-10,customer_3414@email.com,Miami,STORE-MIA05,SKU-E101,Electronics,1,342.32,34.23,0.0,24.65,322.74,SALE
ORD-13437,2,2024-04-01,customer_3437@email.com,Austin,STORE-AUS07,SKU-H301,Home,1,19.51,1.95,0.0,1.4,18.96,SALE
ORD-13519,1,2023-04-06,customer_3519@email.com,New York,STORE-NY01,SKU-A201,Apparel,4,108.34,21.67,0.0,32.94,444.63,SALE
ORD-13523,2,2025-08-01,customer_3523@email.com,Miami,STORE-MIA05,SKU-A202,Apparel,4,55.6,0.0,0.0,17.79,240.19,SALE
ORD-13591,1,2025-11-17,customer_3591@email.com,New York,STORE-NY01,SKU-A201,Apparel,1,46.67,2.33,0.0,3.55,47.89,SALE
ORD-13592,1,2024-03-24,customer_3592@email.com,Seattle,STORE-SEA04,SKU-A201,Apparel,1,109.56,10.96,0.0,7.89,106.49,SALE
ORD-13637,2,2024-09-06,customer_3637@email.com,Austin,STORE-AUS07,SKU-F404,Food,2,15.47,0.0,0.0,2.48,33.42,SALE
ORD-13680,1,2026-04-22,customer_3680@email.com,Miami,STORE-MIA05,SKU-F404,Food,2,16.38,3.28,0.0,2.36,31.84,SALE
ORD-13693,1,2024-02-01,customer_3693@email.com,Denver,STORE-DEN06,SKU-A201,Apparel,1,29.87,1.49,0.0,2.27,30.65,SALE
ORD-13695,2,2024-09-10,customer_3695@email.com,Chicago,STORE-CHI02,SKU-E102,Electronics,1,398.27,0.0,0.0,31.86,430.13,SALE
ORD-13738,3,2023-02-26,customer_3738@email.com,Chicago,STORE-CHI02,SKU-F404,Food,3,23.11,6.93,0.0,4.99,67.39,SALE
ORD-13866,1,2025-12-05,customer_3866@email.com,San Francisco,STORE-SF08,SKU-F404,Food,1,13.98,0.0,0.0,1.12,15.1,SALE
ORD-13964,2,2023-08-03,customer_3964@email.com,Denver,STORE-DEN06,SKU-H303,Home,3,61.7,0.0,0.0,14.81,199.91,SALE
ORD-14033,2,2025-07-19,customer_4033@email.com,Miami,STORE-MIA05,SKU-F401,Food,2,18.7,0.0,0.0,2.99,40.39,SALE
ORD-14150,1,2025-12-22,customer_4150@email.com,New York,STORE-NY01,SKU-F401,Food,2,11.3,1.13,0.0,1.72,23.19,SALE
ORD-14163,2,2024-01-28,customer_4163@email.com,Miami,STORE-MIA05,SKU-A201,Apparel,3,17.04,5.11,0.0,3.68,49.69,SALE
ORD-14164,1,2022-04-04,customer_4164@email.com,New York,STORE-NY01,SKU-F404,Food,1,18.21,0.91,0.0,1.38,18.68,SALE
ORD-14231,2,2021-01-20,customer_4231@email.com,Denver,STORE-DEN06,SKU-E102,Electronics,3,763.1,0.0,0.0,183.14,2472.44,SALE
ORD-14306,2,2025-08-22,customer_4306@email.com,Miami,STORE-MIA05,SKU-E102,Electronics,4,139.34,0.0,7.13,44.02,594.25,SALE
ORD-14395,2,2025-02-01,customer_4395@email.com,New York,STORE-NY01,SKU-H301,Home,4,70.75,14.15,0.0,21.51,290.36,SALE
ORD-14467,1,2022-07-16,customer_4467@email.com,Austin,STORE-AUS07,SKU-E101,Electronics,4,150.91,30.18,0.0,45.88,619.34,SALE
ORD-14481,1,2025-10-05,customer_4481@email.com,Miami,STORE-MIA05,SKU-E101,Electronics,4,995.08,199.02,0.0,302.5,4083.8,SALE
ORD-14558,1,2022-11-05,customer_4558@email.com,San Francisco,STORE-SF08,SKU-A201,Apparel,5,53.08,13.27,0.0,20.17,272.3,SALE
ORD-14581,1,2023-07-08,customer_4581@email.com,Seattle,STORE-SEA04,SKU-F401,Food,3,7.41,0.0,0.0,1.78,24.01,SALE
ORD-14645,3,2021-12-23,customer_4645@email.com,Miami,STORE-MIA05,BAD_SKU,Home,3,40.31,12.09,0.0,8.71,123.05,SALE
ORD-14686,1,2022-04-11,customer_4686@email.com,New York,STORE-NY01,SKU-E101,Electronics,3,247.51,0.0,0.0,59.4,801.93,SALE
ORD-14702,1,2022-11-11,customer_4702@email.com,Denver,STORE-DEN06,SKU-H301,Home,4,170.27,0.0,0.0,54.49,735.57,RETURN
ORD-14733,1,2022-07-21,customer_4733@email.com,Boston,STORE-BOS03,SKU-E102,Electronics,3,436.48,0.0,0.0,104.76,1414.2,RETURN
ORD-14777,2,2021-06-20,customer_4777@email.com,Seattle,STORE-SEA04,SKU-H303,Home,3,132.03,39.61,0.0,28.52,385.0,SALE
ORD-14812,3,2024-02-25,customer_4812@email.com,San Francisco,STORE-SF08,KBA-E102,Food,4,15.36,3.07,0.0,4.67,63.04,SALE
ORD-14813,1,2025-10-25,customer_4813@email.com,Denver,STORE-DEN06,SKU-H301,Home,1,82.16,0.0,0.0,6.57,88.73,SALE
ORD-14816,1,2021-10-21,customer_4816@email.com,Chicago,STORE-CHI02,SKU-A201,Apparel,2,15.64,1.56,0.0,2.38,32.1,SALE
ORD-14833,1,2025-05-08,customer_4833@email.com,Austin,STORE-AUS07,SKU-F401,Food,4,16.57,6.63,19.68,3.2,43.17,SALE
ORD-14881,1,2025-08-10,customer_4881@email.com,New York,STORE-NY01,SKU-F404,Food,3,20.19,3.03,0.0,4.6,62.14,SALE
ORD-14937,2,2025-01-12,customer_4937@email.com,Seattle,STORE-SEA04,SKU-E102,Electronics,2,1105.43,221.09,0.0,159.18,2138.95,SALE
ORD-14980,1,2021-02-20,customer_4980@email.com,Miami,STORE-MIA05,SKU-F404,Food,1,13.61,0.0,0.0,1.09,14.7,SALE
ORD-15093,3,2021-04-25,customer_93@email.com,Seattle,STORE-SEA04,SKU-E102,Electronics,1,207.94,20.79,0.0,14.97,202.12,SALE
ORD-15141,3,2025-04-03,customer_141@email.com,Austin,STORE-AUS07,SKU-F401,Food,5,14.83,7.42,0.0,5.34,72.07,SALE
ORD-15236,3,2021-08-18,customer_236@email.com,Seattle,STORE-SEA04,SKU-H303,Home,1,55.34,0.0,0.0,4.43,59.77,SALE
ORD-15238,1,2022-04-11,customer_238@email.com,Chicago,STORE-CHI02,SKU-E101,Electronics,5,727.08,0.0,0.0,290.83,3916.23,SALE
ORD-15250,2,2021-12-01,customer_250@email.com,Denver,STORE-DEN06,SKU-A201,Apparel,5,49.41,24.7,17.62,16.38,221.11,SALE
ORD-15263,2,2021-02-07,customer_263@email.com,Boston,STORE-BOS03,SKU-F404,Food,2,25.0,5.0,0.0,3.6,48.6,SALE
ORD-15298,2,2023-08-24,customer_298@email.com,New York,STORE-NY01,KBA-E102,Electronics,3,879.8,0.0,0.0,211.15,2850.55,SALE
ORD-15318,3,2023-09-27,customer_318@email.com,Seattle,STORE-SEA04,SKU-F404,Food,3,15.61,4.68,0.0,3.37,45.52,SALE
ORD-15320,2,2021-08-24,customer_320@email.com,New York,STORE-NY01,SKU-A202,Apparel,2,108.73,10.87,0.0,16.53,223.12,SALE
ORD-15397,2,2023-09-19,customer_397@email.com,Austin,STORE-AUS07,SKU-A201,Apparel,2,52.27,0.0,0.0,8.36,112.9,SALE
ORD-15455,3,2022-09-08,customer_455@email.com,San Francisco,STORE-SF08,SKU-F401,Food,1,12.41,0.0,0.0,0.99,13.4,SALE
ORD-15463,1,2024-12-18,customer_463@email.com,New York,STORE-NY01,SKU-E101,Electronics,2,879.37,175.87,0.0,126.63,1709.5,SALE
ORD-15476,3,2024-12-22,customer_476@email.com,Boston,STORE-BOS03,SKU-A201,Apparel,3,116.26,34.88,0.0,25.11,339.01,SALE
ORD-15508,1,2025-04-24,customer_508@email.com,Seattle,STORE-SEA04,SKU-H303,Home,2,83.94,0.0,0.0,13.43,181.31,SALE
ORD-15523,3,2026-04-09,customer_523@email.com,Denver,STORE-DEN06,SKU-F404,Food,4,6.62,2.65,0.0,1.91,25.74,SALE
ORD-15576,2,2023-05-20,customer_576@email.com,New York,STORE-NY01,SKU-E102,Electronics,3,1119.23,167.88,0.0,255.18,3444.99,SALE
ORD-15577,1,2024-10-10,customer_577@email.com,Denver,STORE-DEN06,SKU-H303,Home,3,46.04,0.0,0.0,11.05,149.17,SALE
ORD-15610,1,2024-06-12,customer_610@email.com,Austin,STORE-AUS07,SKU-E102,Electronics,5,815.34,0.0,14.96,324.94,4386.68,SALE
ORD-15629,1,2025-04-07,customer_629@email.com,Seattle,STORE-SEA04,SKU-F404,Food,1,18.54,0.0,0.0,1.48,20.02,SALE
ORD-15646,2,2025-10-18,customer_646@email.com,Miami,STORE-MIA05,SKU-F401,Food,4,8.29,0.0,0.0,2.65,35.81,SALE
ORD-15737,3,2021-01-06,customer_737@email.com,Denver,STORE-DEN06,BAD_SKU,Apparel,2,51.52,10.3,0.0,7.42,100.16,SALE
ORD-15794,2,2025-11-28,customer_794@email.com,Denver,STORE-DEN06,SKU-H301,Home,2,186.81,0.0,0.0,29.89,403.51,SALE
ORD-15814,1,2026-03-22,customer_814@email.com,Seattle,STORE-SEA04,SKU-A201,Apparel,4,48.7,9.74,0.0,14.8,199.86,SALE
ORD-15824,2,2025-07-21,customer_824@email.com,Seattle,STORE-SEA04,SKU-H303,Home,3,189.79,56.94,0.0,40.99,553.42,SALE
ORD-15829,2,2026-01-01,customer_829@email.com,Austin,STORE-AUS07,SKU-E102,Electronics,3,699.34,0.0,0.0,167.84,2265.86,SALE
ORD-15877,3,2023-04-24,customer_877@email.com,New York,STORE-NY01,SKU-F404,Food,1,15.39,0.0,0.0,1.23,16.62,SALE
ORD-15893,2,2025-05-07,customer_893@email.com,New York,STORE-NY01,SKU-A201,Apparel,5,32.4,0.0,0.0,12.96,174.96,SALE
ORD-15931,2,2022-03-19,customer_931@email.com,Miami,STORE-MIA05,SKU-A202,Apparel,1,102.45,0.0,0.0,8.2,110.65,SALE
ORD-15934,2,2021-07-28,customer_934@email.com,New York,STORE-NY01,SKU-A201,Apparel,4,62.21,0.0,0.0,19.91,268.75,SALE
ORD-15950,3,2024-02-01,customer_950@email.com,Austin,STORE-AUS07,SKU-F404,Food,3,25.66,7.7,0.0,5.54,74.82,SALE
ORD-15966,3,2024-04-27,customer_966@email.com,Denver,STORE-DEN06,SKU-H303,Home,5,115.67,0.0,0.0,46.27,624.62,SALE
ORD-15982,1,2023-12-05,customer_982@email.com,San Francisco,STORE-SF08,SKU-A201,Apparel,4,24.81,9.92,0.0,7.15,96.47,SALE
ORD-15989,1,2023-11-06,customer_989@email.com,San Francisco,STORE-SF08,SKU-A201,Apparel,3,77.75,0.0,6.55,18.14,250.34,SALE
ORD-16018,1,2021-08-13,customer_1018@email.com,Austin,STORE-AUS07,SKU-H303,Home,4,137.79,55.12,0.0,39.68,535.72,SALE
ORD-16073,1,2025-01-11,customer_1073@email.com,Miami,STORE-MIA05,SKU-H301,Home,1,56.9,5.69,0.0,4.1,55.31,SALE
ORD-16122,1,2023-10-04,customer_1122@email.com,New York,STORE-NY01,SKU-A201,Apparel,3,79.73,23.92,-2.37,17.41,235.05,RETURN
ORD-16142,2,2025-09-28,customer_1142@email.com,Denver,STORE-DEN06,SKU-F401,Food,4,6.25,1.25,0.0,1.9,25.65,SALE
ORD-16164,3,2024-08-21,customer_1164@email.com,New York,STORE-NY01,SKU-F404,Food,5,25.91,12.96,0.0,9.33,125.92,SALE
ORD-16191,2,2024-10-30,customer_1191@email.com,Austin,STORE-AUS07,SKU-F404,Food,2,15.55,3.11,0.0,2.24,30.23,SALE
ORD-16305,1,2022-05-29,customer_1305@email.com,Boston,STORE-BOS03,SKU-H301,Home,5,33.65,0.0,0.0,13.46,181.71,SALE
ORD-16329,3,2021-11-26,customer_1329@email.com,Austin,STORE-AUS07,SKU-H303,Home,3,127.81,19.17,0.0,29.14,393.4,SALE
ORD-16335,2,2024-01-13,customer_1335@email.com,Chicago,STORE-CHI02,SKU-A201,Apparel,1,56.76,2.84,4.07,3.99,53.84,RETURN
ORD-16404,1,2021-03-11,customer_1404@email.com,Boston,STORE-BOS03,SKU-H303,Home,2,14.91,2.98,0.0,2.15,28.99,SALE
ORD-16418,2,2026-02-01,customer_1418@email.com,Chicago,STORE-CHI02,SKU-E101,Electronics,1,855.27,42.76,0.0,65.0,877.51,SALE
ORD-16430,1,2023-03-19,customer_1430@email.com,San Francisco,STORE-SF08,SKU-A202,Apparel,5,66.22,0.0,0.0,26.49,357.59,SALE
ORD-16431,1,2025-10-29,customer_1431@email.com,Chicago,STORE-CHI02,SKU-A201,Apparel,1,72.67,0.0,0.0,5.81,78.48,SALE
ORD-16441,1,2023-10-19,customer_1441@email.com,Miami,STORE-MIA05,SKU-F401,Food,1,28.91,0.0,0.0,2.31,31.22,SALE
ORD-16444,1,2024-11-15,customer_1444@email.com,Seattle,STORE-SEA04,SKU-E101,Electronics,5,895.0,0.0,0.0,358.0,4833.0,SALE
ORD-16466,1,2021-07-04,customer_1466@email.com,Seattle,STORE-SEA04,SKU-E101,Electronics,1,282.88,28.29,19.38,18.82,254.03,SALE
ORD-16471,1,2021-05-28,customer_1471@email.com,San Francisco,STORE-SF08,SKU-E101,Electronics,5,1146.82,0.0,0.0,458.73,6192.83,SALE
ORD-16472,3,2025-06-26,customer_1472@email.com,New York,STORE-NY01,SKU-H303,Home,4,137.97,55.19,0.0,39.74,536.43,SALE
ORD-16544,1,2026-04-14,customer_1544@email.com,New York,STORE-NY01,SKU-F401,Food,3,20.6,6.18,0.0,4.45,60.07,SALE
ORD-16683,1,2024-01-12,customer_1683@email.com,San Francisco,STORE-SF08,SKU-A202,Apparel,5,119.34,29.84,0.0,45.35,612.21,SALE
ORD-16696,1,2022-03-23,customer_1696@email.com,Chicago,STORE-CHI02,SKU-F404,Food,2,14.76,1.48,0.0,2.24,30.28,SALE
ORD-16790,1,2022-01-15,customer_1790@email.com,Seattle,STORE-SEA04,SKU-E101,Electronics,1,847.82,84.78,0.0,61.04,824.08,SALE
ORD-16826,1,2021-10-13,customer_1826@email.com,Seattle,STORE-SEA04,SKU-E101,Electronics,5,269.7,134.85,0.0,97.09,1300.74,SALE
ORD-16870,2,2021-06-26,customer_1870@email.com,Miami,STORE-MIA05,SKU-F401,Food,3,16.73,5.02,0.0,3.61,48.78,SALE
ORD-16877,1,2025-11-19,customer_1877@email.com,Denver,STORE-DEN06,SKU-H303,Home,5,170.75,0.0,0.0,68.3,922.05,SALE
ORD-16900,1,2023-09-08,customer_1900@email.com,Seattle,STORE-SEA04,BAD_SKU,Apparel,4,56.89,22.76,0.0,16.38,221.18,SALE
ORD-16997,1,2025-03-26,customer_1997@email.com,Denver,STORE-DEN06,SKU-A202,Apparel,2,47.98,0.0,7.78,7.05,95.23,SALE
ORD-17080,1,2024-03-28,customer_2080@email.com,Austin,STORE-AUS07,SKU-A202,Apparel,2,41.82,8.36,0.0,6.02,81.3,SALE
ORD-17107,1,2022-11-08,customer_2107@email.com,Denver,STORE-DEN06,SKU-A201,Apparel,4,73.23,0.0,0.0,23.43,316.35,SALE
ORD-17108,1,2021-02-13,customer_2108@email.com,Denver,STORE-DEN06,SKU-E102,Electronics,1,649.58,32.48,0.0,49.37,666.47,SALE
ORD-17127,2,2024-08-28,customer_2127@email.com,Austin,STORE-AUS07,SKU-E101,Electronics,4,250.9,100.36,0.0,72.26,975.5,SALE
ORD-17205,2,2025-07-08,customer_2205@email.com,Chicago,STORE-CHI02,SKU-H303,Home,4,140.34,0.0,-0.9,44.98,607.24,SALE
ORD-17244,1,2024-04-26,customer_2244@email.com,Boston,STORE-BOS03,SKU-H303,Home,4,26.41,10.56,0.0,7.61,102.69,SALE
ORD-17328,1,2025-10-31,customer_2328@email.com,San Francisco,STORE-SF08,KBA-E102,Food,5,19.23,0.0,0.0,7.69,103.84,SALE
ORD-17357,1,2024-03-08,customer_2357@email.com,Miami,STORE-MIA05,SKU-H301,Home,1,47.36,2.37,1.49,3.48,46.98,SALE
ORD-17381,1,2024-09-30,customer_2381@email.com,Austin,STORE-AUS07,SKU-F401,Food,1,13.17,1.32,0.0,0.95,12.8,SALE
ORD-17406,2,2022-09-14,customer_2406@email.com,Boston,STORE-BOS03,SKU-A201,Apparel,4,108.7,43.48,0.0,31.31,422.63,SALE
ORD-17431,1,2025-04-21,customer_2431@email.com,Chicago,STORE-CHI02,SKU-H301,Home,2,195.01,19.5,0.0,29.64,400.16,SALE
ORD-17433,1,2021-05-02,customer_2433@email.com,San Francisco,STORE-SF08,SKU-F401,Food,3,14.41,4.32,0.0,3.11,42.02,RETURN
ORD-17444,2,2022-05-24,customer_2444@email.com,Denver,STORE-DEN06,SKU-F401,Food,2,27.54,5.51,0.0,3.97,53.54,SALE
ORD-17518,1,2025-04-02,customer_2518@email.com,Denver,STORE-DEN06,SKU-A201,Apparel,5,73.62,18.41,0.0,27.98,377.67,SALE
ORD-17586,1,2025-12-23,customer_2586@email.com,Austin,STORE-AUS07,SKU-H301,Home,5,100.43,0.0,0.0,40.17,542.32,SALE
ORD-17695,3,2023-02-18,customer_2695@email.com,Boston,STORE-BOS03,SKU-A202,Apparel,4,65.59,0.0,1.3,20.88,281.94,SALE
ORD-17754,2,2025-12-21,customer_2754@email.com,Chicago,STORE-CHI02,SKU-H301,Home,3,146.57,43.97,0.0,31.66,427.4,SALE
ORD-17763,2,2022-02-17,customer_2763@email.com,Boston,STORE-BOS03,SKU-F404,Food,1,15.64,1.56,0.0,1.13,15.21,SALE
ORD-17865,1,2026-01-31,customer_2865@email.com,Seattle,STORE-SEA04,SKU-E102,Electronics,3,481.34,72.2,0.0,109.75,1481.57,SALE
ORD-17880,1,2025-12-13,customer_2880@email.com,Seattle,STORE-SEA04,SKU-F401,Food,4,13.49,2.7,0.0,4.1,55.36,SALE
ORD-17946,1,2022-11-10,customer_2946@email.com,New York,STORE-NY01,SKU-A201,Apparel,5,83.43,20.86,0.0,31.7,427.99,SALE
ORD-17954,1,2025-01-09,customer_2954@email.com,Austin,STORE-AUS07,SKU-A202,Apparel,3,94.39,14.16,0.0,21.52,290.53,SALE
ORD-17961,1,2024-05-05,customer_2961@email.com,Chicago,STORE-CHI02,SKU-A202,Apparel,3,80.95,0.0,0.0,19.43,252.28,SALE
ORD-17970,1,2022-10-17,customer_2970@email.com,Boston,STORE-BOS03,SKU-A201,Apparel,1,33.84,0.0,0.0,2.71,36.55,SALE
ORD-17993,1,2024-11-18,customer_2993@email.com,Miami,STORE-MIA05,SKU-A201,Apparel,3,94.0,14.1,9.87,20.64,278.67,SALE
ORD-18007,1,2022-06-22,customer_3007@email.com,Denver,STORE-DEN06,SKU-H303,Home,4,113.19,22.64,0.0,34.41,464.53,SALE
ORD-18049,2,2025-12-31,customer_3049@email.com,New York,STORE-NY01,SKU-E101,Electronics,5,1133.7,566.85,0.0,408.13,5509.78,SALE
ORD-18082,3,2023-09-20,customer_3082@email.com,Austin,STORE-AUS07,SKU-A202,Apparel,5,57.74,0.0,0.0,23.1,311.8,SALE
ORD-18176,2,2024-10-06,customer_3176@email.com,Miami,STORE-MIA05,SKU-H301,Home,1,28.32,2.83,0.0,2.04,27.53,SALE
ORD-18187,1,2025-01-17,customer_3187@email.com,New York,STORE-NY01,SKU-H303,Home,2,19.43,1.94,0.0,2.95,39.87,SALE
ORD-18243,1,2021-02-20,customer_3243@email.com,New York,STORE-NY01,SKU-H301,Home,2,186.81,0.0,0.0,29.89,403.51,SALE
ORD-18349,2,2023-07-31,customer_3349@email.com,Denver,STORE-DEN06,SKU-A202,Apparel,4,22.57,0.0,0.0,7.22,97.5,SALE
ORD-18386,2,2021-12-20,customer_3386@email.com,Chicago,STORE-CHI02,SKU-A201,Apparel,4,41.68,16.67,0.0,12.0,162.05,SALE
ORD-18393,1,2026-04-25,customer_3393@email.com,New York,STORE-NY01,SKU-A202,Apparel,2,59.02,5.9,0.0,8.97,121.11,SALE
ORD-18416,3,2025-07-31,customer_3416@email.com,Miami,STORE-MIA05,SKU-A202,Apparel,4,24.77,0.0,0.0,7.93,107.01,SALE
ORD-18425,2,2026-04-28,customer_3425@email.com,Boston,STORE-BOS03,SKU-E102,Electronics,1,900.41,45.02,0.0,68.43,923.82,SALE
ORD-18546,1,2025-08-12,customer_3546@email.com,Austin,STORE-AUS07,SKU-F401,Food,1,11.22,1.12,7.88,0.18,2.4,SALE
ORD-18576,3,2022-07-20,customer_3576@email.com,Boston,STORE-BOS03,SKU-A201,Apparel,1,33.23,0.0,16.7,1.32,17.85,SALE
ORD-18609,2,2024-10-05,customer_3609@email.com,Denver,STORE-DEN06,SKU-A202,Apparel,1,40.5,4.05,0.0,2.92,39.37,RETURN
ORD-18624,1,2021-06-27,customer_3624@email.com,New York,STORE-NY01,SKU-H301,Home,3,188.33,28.25,0.0,42.94,579.68,SALE
ORD-18673,1,2024-12-26,customer_3673@email.com,Seattle,STORE-SEA04,SKU-A202,Apparel,5,43.39,0.0,0.0,17.36,234.31,SALE
ORD-18697,1,2023-06-21,customer_3697@email.com,San Francisco,STORE-SF08,SKU-H303,Home,5,32.82,0.0,0.0,13.13,177.23,SALE
ORD-18739,1,2022-06-11,customer_3739@email.com,Austin,STORE-AUS07,SKU-E101,Electronics,3,172.63,0.0,0.0,41.43,559.32,SALE
ORD-18846,3,2024-01-19,customer_3846@email.com,Seattle,STORE-SEA04,SKU-F401,Food,1,25.62,1.28,0.0,1.95,26.29,SALE
ORD-18910,2,2022-04-29,customer_3910@email.com,Austin,STORE-AUS07,SKU-A201,Apparel,2,40.96,4.1,0.0,6.23,84.05,SALE
ORD-18912,1,2023-08-28,customer_3912@email.com,Boston,STORE-BOS03,SKU-H303,Home,3,25.98,0.0,0.0,6.24,84.18,SALE
ORD-18951,3,2024-04-14,customer_3951@email.com,Seattle,STORE-SEA04,SKU-F401,Food,3,21.82,0.0,0.0,5.24,70.7,SALE
ORD-18952,3,2021-10-19,customer_3952@email.com,Boston,STORE-BOS03,SKU-H301,Home,1,30.58,3.06,0.0,2.2,29.72,SALE
ORD-18985,1,2022-02-09,customer_3985@email.com,Seattle,STORE-SEA04,SKU-F401,Food,3,22.82,0.0,0.0,5.48,73.94,SALE
ORD-19087,3,2021-10-23,customer_4087@email.com,Chicago,STORE-CHI02,SKU-H301,Home,4,96.8,19.36,0.0,29.43,397.27,SALE
ORD-19121,1,2022-09-07,customer_4121@email.com,Seattle,STORE-SEA04,SKU-X102,Home,5,181.78,0.0,0.0,72.71,981.61,SALE
ORD-19132,2,2024-04-04,customer_4132@email.com,Miami,STORE-MIA05,SKU-A201,Apparel,3,107.78,32.33,0.0,23.28,314.29,SALE
ORD-19150,1,2026-01-20,customer_4150@email.com,Seattle,STORE-SEA04,SKU-F404,Food,2,9.51,0.0,0.0,1.52,20.54,SALE
ORD-19207,1,2022-04-06,customer_4207@email.com,Austin,STORE-AUS07,SKU-A202,Apparel,2,65.33,6.53,0.0,9.93,134.06,SALE
ORD-19221,1,2021-05-01,customer_4221@email.com,Seattle,STORE-SEA04,SKU-H303,Home,1,120.01,6.0,0.0,9.12,123.13,SALE
ORD-19332,1,2026-05-29,customer_4332@email.com,Miami,STORE-MIA05,SKU-E102,Electronics,4,197.86,79.14,0.0,56.98,769.28,SALE
ORD-19340,1,2022-03-27,customer_4340@email.com,Miami,STORE-MIA05,SKU-F401,Food,1,8.28,0.83,0.0,0.6,8.05,SALE
ORD-19394,1,2022-08-29,customer_4394@email.com,Denver,STORE-DEN06,SKU-F404,Food,3,25.86,7.76,0.0,5.59,75.41,SALE
ORD-19468,1,2026-03-23,customer_4468@email.com,Austin,STORE-AUS07,SKU-H303,Home,3,83.69,25.11,0.0,18.08,244.04,SALE
ORD-19473,1,2025-07-31,customer_4473@email.com,Miami,STORE-MIA05,SKU-F404,Food,5,22.89,5.72,0.0,8.7,117.43,SALE
ORD-19477,3,2024-02-21,customer_4477@email.com,Chicago,STORE-CHI02,SKU-H303,Home,2,44.01,4.4,0.0,6.69,90.31,SALE
ORD-19486,1,2021-05-23,customer_4486@email.com,Miami,STORE-MIA05,SKU-E102,Electronics,3,1192.14,0.0,0.0,286.11,3862.53,SALE
ORD-19509,1,2022-02-15,customer_4509@email.com,San Francisco,STORE-SF08,SKU-H301,Home,5,154.83,38.71,0.0,58.84,794.28,SALE
ORD-19512,1,2022-12-29,customer_4512@email.com,San Francisco,STORE-SF08,SKU-F404,Food,4,19.39,7.76,0.0,5.58,75.38,SALE
ORD-19671,2,2024-10-13,customer_4671@email.com,San Francisco,STORE-SF08,SKU-E102,Electronics,4,1078.08,0.0,0.0,344.99,4657.31,SALE
ORD-19709,1,2021-01-30,customer_4709@email.com,Boston,STORE-BOS03,SKU-H301,Home,1,45.9,4.59,0.0,3.3,44.61,SALE
ORD-19710,2,2024-06-24,customer_4710@email.com,Boston,STORE-BOS03,SKU-E101,Electronics,2,553.64,0.0,0.0,88.58,1195.86,SALE
ORD-19756,3,2026-05-04,customer_4756@email.com,San Francisco,STORE-SF08,SKU-H303,Home,5,105.18,26.3,0.0,39.97,541.57,SALE
ORD-19765,1,2026-03-10,customer_4765@email.com,Seattle,STORE-SEA04,SKU-A202,Apparel,4,26.21,5.24,0.0,7.97,107.57,SALE
ORD-19778,1,2023-07-25,customer_4778@email.com,Miami,STORE-MIA05,SKU-H301,Home,3,29.55,4.43,0.0,6.74,90.96,SALE
ORD-19801,1,2023-08-07,customer_4801@email.com,Miami,STORE-MIA05,SKU-A202,Apparel,3,66.37,0.0,0.0,15.93,215.04,SALE
ORD-19860,1,2026-03-08,customer_4860@email.com,Seattle,STORE-SEA04,SKU-H303,Home,2,175.7,0.0,3.15,27.86,376.11,SALE
ORD-19941,2,2023-04-02,customer_4941@email.com,San Francisco,STORE-SF08,SKU-A201,Apparel,4,101.68,20.34,10.08,30.1,406.4,SALE
ORD-20094,1,2021-06-30,customer_94@email.com,New York,STORE-NY01,SKU-A201,Apparel,2,28.18,5.64,0.0,4.06,54.78,SALE
ORD-20112,2,2022-10-06,customer_112@email.com,San Francisco,STORE-SF08,SKU-H301,Home,2,71.54,0.0,0.0,11.45,154.53,SALE
ORD-20285,1,2024-01-06,customer_285@email.com,Seattle,STORE-SEA04,SKU-E101,Electronics,2,918.08,183.62,0.0,132.2,1784.74,SALE
ORD-20331,1,2022-04-30,customer_331@email.com,Denver,STORE-DEN06,SKU-F401,Food,1,6.21,0.62,0.0,0.45,6.04,SALE
ORD-20435,2,2026-03-16,customer_435@email.com,Miami,STORE-MIA05,SKU-E101,Electronics,2,710.23,0.0,0.0,113.64,1534.1,SALE
ORD-20438,1,2026-04-04,customer_438@email.com,Boston,STORE-BOS03,SKU-H301,Home,5,22.84,11.42,0.0,8.22,111.0,SALE
ORD-20440,1,2024-11-06,customer_440@email.com,Chicago,STORE-CHI02,SKU-E102,Electronics,5,429.3,214.65,0.0,154.55,2086.4,SALE
ORD-20468,1,2021-04-08,customer_468@email.com,Boston,STORE-BOS03,SKU-H303,Home,2,133.63,0.0,0.0,21.38,288.64,RETURN
ORD-20473,2,2021-12-22,customer_473@email.com,Austin,STORE-AUS07,SKU-E101,Electronics,3,892.7,0.0,0.0,214.25,2892.35,SALE
ORD-20477,1,2022-02-16,customer_477@email.com,Seattle,STORE-SEA04,SKU-F401,Food,5,17.61,8.8,0.0,6.34,85.59,SALE
ORD-20501,1,2021-05-12,customer_501@email.com,San Francisco,STORE-SF08,SKU-H303,Home,5,85.62,0.0,0.0,34.25,462.35,SALE
ORD-20519,3,2023-09-26,customer_519@email.com,Denver,STORE-DEN06,SKU-A202,Apparel,4,45.4,9.08,0.0,13.8,186.32,SALE
ORD-20628,1,2021-08-20,customer_628@email.com,Denver,STORE-DEN06,SKU-F401,Food,2,28.31,2.83,0.0,4.3,58.09,SALE
ORD-20639,2,2024-08-29,customer_639@email.com,Boston,STORE-BOS03,SKU-F401,Food,4,24.83,0.0,0.0,7.95,107.27,SALE
ORD-20733,3,2025-05-07,customer_733@email.com,Austin,STORE-AUS07,SKU-F404,Food,5,16.1,4.03,0.0,6.12,82.59,RETURN
ORD-20827,2,2025-01-05,customer_827@email.com,New York,STORE-NY01,SKU-A202,Apparel,2,26.93,2.69,0.0,4.09,55.26,SALE
ORD-20845,1,2025-09-09,customer_845@email.com,Seattle,STORE-SEA04,SKU-A202,Apparel,4,99.15,0.0,0.0,31.73,428.33,SALE
ORD-20877,3,2025-08-30,customer_877@email.com,New York,STORE-NY01,SKU-A201,Apparel,2,115.9,0.0,0.0,18.54,250.34,SALE
ORD-20879,2,2021-09-08,customer_879@email.com,Austin,STORE-AUS07,SKU-H301,Home,3,120.32,0.0,0.0,28.88,389.84,SALE
ORD-20880,1,2025-05-14,customer_880@email.com,San Francisco,STORE-SF08,SKU-A202,Apparel,2,34.47,0.0,0.0,5.52,74.46,SALE
ORD-20957,1,2026-05-11,customer_957@email.com,Boston,STORE-BOS03,SKU-H303,Home,5,129.56,0.0,0.0,51.82,699.62,SALE
ORD-20963,1,2024-06-04,customer_963@email.com,Austin,STORE-AUS07,SKU-H301,Home,2,158.79,31.76,0.0,22.87,308.69,RETURN
ORD-20977,1,2024-07-03,customer_977@email.com,Chicago,STORE-CHI02,SKU-H301,Home,3,177.27,26.59,0.0,40.42,545.64,SALE
ORD-21035,1,2022-07-13,customer_1035@email.com,Seattle,STORE-SEA04,SKU-E102,Electronics,4,755.47,302.19,0.0,217.58,2939.27,SALE
ORD-21058,3,2022-07-25,customer_1058@email.com,Miami,STORE-MIA05,SKU-A201,Apparel,4,71.68,14.34,0.0,21.79,294.17,SALE
ORD-21069,1,2023-01-05,customer_1069@email.com,Chicago,STORE-CHI02,SKU-H301,Home,3,163.31,0.0,0.0,39.19,529.12,SALE
ORD-21240,3,2024-02-15,customer_1240@email.com,Miami,STORE-MIA05,SKU-H301,Home,4,63.51,25.4,0.0,18.29,246.93,SALE
ORD-21251,1,2023-06-27,customer_1251@email.com,Chicago,STORE-CHI02,SKU-E102,Electronics,2,768.07,76.81,0.0,116.75,1576.08,SALE
ORD-21256,1,2023-07-21,customer_1256@email.com,New York,STORE-NY01,SKU-A201,Apparel,5,72.83,18.21,0.0,27.68,373.62,SALE
ORD-21267,1,2024-04-07,customer_1267@email.com,Austin,STORE-AUS07,SKU-A202,Apparel,4,65.34,0.0,0.0,20.91,282.27,SALE
ORD-21360,1,2023-03-31,customer_1360@email.com,Miami,STORE-MIA05,SKU-H303,Home,2,151.49,15.15,0.0,23.03,310.86,SALE
ORD-21485,1,2023-04-19,customer_1485@email.com,Chicago,STORE-CHI02,SKU-F401,Food,4,5.22,1.04,0.0,1.59,21.43,SALE
ORD-21508,3,2022-04-13,customer_1508@email.com,Boston,STORE-BOS03,SKU-F401,Food,2,13.02,2.6,0.0,1.88,25.32,SALE
ORD-21534,2,2025-06-04,customer_1534@email.com,Seattle,STORE-SEA04,SKU-H303,Home,1,24.85,1.24,0.0,1.89,25.5,SALE
ORD-21560,3,2026-03-26,customer_1560@email.com,Boston,STORE-BOS03,SKU-F404,Food,3,24.12,0.0,0.0,5.79,68.15,SALE
ORD-21642,1,2026-05-11,customer_1642@email.com,Miami,STORE-MIA05,SKU-F401,Food,3,6.71,2.01,0.0,1.45,19.57,SALE
ORD-21682,3,2024-10-03,customer_1682@email.com,Austin,STORE-AUS07,SKU-E102,Electronics,5,509.57,0.0,0.0,203.83,2751.68,SALE
ORD-21806,1,2022-08-05,customer_1806@email.com,Denver,STORE-DEN06,SKU-E101,Electronics,5,1086.08,271.52,0.0,412.71,5571.59,SALE
ORD-21831,1,2026-05-02,customer_1831@email.com,Austin,STORE-AUS07,SKU-H303,Home,1,95.55,0.0,0.0,7.64,103.19,SALE
ORD-21832,1,2022-11-02,customer_1832@email.com,New York,STORE-NY01,SKU-A202,Apparel,2,89.85,0.0,2.93,14.14,190.91,SALE
ORD-21838,1,2023-09-05,customer_1838@email.com,Denver,STORE-DEN06,SKU-F404,Food,3,7.5,0.0,0.0,1.8,24.3,SALE
ORD-21846,3,2024-07-12,customer_1846@email.com,Miami,STORE-MIA05,SKU-F401,Food,3,8.34,0.0,0.0,2.0,27.02,RETURN
ORD-21872,3,2022-09-21,customer_1872@email.com,Boston,STORE-BOS03,SKU-A201,Apparel,2,21.31,4.26,0.0,3.07,41.43,SALE
ORD-21923,1,2024-03-19,customer_1923@email.com,San Francisco,STORE-SF08,SKU-H303,Home,5,65.47,0.0,0.0,26.19,353.54,SALE
ORD-21964,3,2022-12-07,customer_1964@email.com,Boston,STORE-BOS03,SKU-H301,Home,4,159.31,63.72,0.0,45.88,619.4,SALE
ORD-21970,2,2021-04-15,customer_1970@email.com,Chicago,STORE-CHI02,SKU-E102,Electronics,1,335.04,33.5,0.0,24.12,325.66,SALE
ORD-21993,1,2024-09-13,customer_1993@email.com,San Francisco,STORE-SF08,SKU-H301,Home,4,98.77,0.0,0.0,31.61,426.69,SALE
ORD-22000,1,2024-10-23,customer_2000@email.com,Miami,STORE-MIA05,SKU-H301,Home,5,70.65,35.33,0.0,25.43,343.35,SALE
ORD-22011,2,2023-07-27,customer_2011@email.com,Chicago,STORE-CHI02,SKU-H303,Home,5,68.62,0.0,0.0,27.45,370.55,SALE
ORD-22091,3,2024-01-05,customer_2091@email.com,Boston,STORE-BOS03,SKU-H301,Home,4,192.45,0.0,0.0,61.58,831.38,SALE
ORD-22161,1,2026-01-21,customer_2161@email.com,Denver,STORE-DEN06,SKU-H303,Home,2,79.61,0.0,0.0,12.74,171.96,RETURN
ORD-22311,2,2024-06-23,customer_2311@email.com,Chicago,STORE-CHI02,SKU-F401,Food,3,16.03,4.81,0.0,3.46,46.74,SALE
ORD-22321,3,2024-07-04,customer_2321@email.com,New York,STORE-NY01,SKU-F404,Food,2,14.29,0.0,0.0,2.29,30.87,SALE
ORD-22348,1,2021-10-02,customer_2348@email.com,Austin,STORE-AUS07,SKU-F401,Food,5,19.11,9.55,0.0,6.88,92.88,SALE
ORD-22355,3,2026-01-05,customer_2355@email.com,Chicago,STORE-CHI02,SKU-F401,Food,5,18.07,9.04,0.0,6.5,87.81,SALE
ORD-22490,1,2021-04-30,customer_2490@email.com,Austin,STORE-AUS07,SKU-H301,Home,3,113.65,0.0,0.0,27.28,368.23,SALE
ORD-22494,2,2021-05-22,customer_2494@email.com,Denver,STORE-DEN06,SKU-A201,Apparel,5,68.28,17.07,0.0,25.95,350.28,SALE
ORD-22543,1,2021-02-21,customer_2543@email.com,Seattle,STORE-SEA04,SKU-H301,Home,1,134.01,6.7,0.0,10.18,137.49,SALE
ORD-22555,2,2024-06-13,customer_2555@email.com,Seattle,STORE-SEA04,SKU-H303,Home,1,117.33,11.73,0.0,8.45,114.05,RETURN
ORD-22563,1,2021-09-11,customer_2563@email.com,San Francisco,STORE-SF08,SKU-F404,Food,5,15.69,3.92,0.0,5.96,80.49,SALE
ORD-22621,2,2021-10-01,customer_2621@email.com,New York,STORE-NY01,SKU-E102,Electronics,2,691.51,138.3,-1.02,99.66,1345.4,SALE
ORD-22713,2,2022-09-22,customer_2713@email.com,San Francisco,STORE-SF08,SKU-F401,Food,4,7.69,0.0,0.0,2.46,33.22,SALE
ORD-22922,1,2022-12-03,customer_2922@email.com,Boston,STORE-BOS03,SKU-H303,Home,1,86.47,8.65,0.0,6.23,84.05,SALE
ORD-22925,2,2024-11-13,customer_2925@email.com,New York,STORE-NY01,SKU-H301,Home,2,188.29,0.0,0.0,30.13,406.71,SALE
ORD-22990,1,2021-02-24,customer_2990@email.com,Boston,STORE-BOS03,SKU-E101,Electronics,2,909.78,0.0,0.0,145.56,1965.12,SALE
ORD-23004,2,2024-09-21,customer_3004@email.com,Chicago,STORE-CHI02,SKU-A202,Apparel,4,19.16,7.66,0.0,5.52,74.5,SALE
ORD-23243,1,2025-04-06,customer_3243@email.com,Austin,STORE-AUS07,SKU-H301,Home,5,67.74,33.87,0.0,24.39,329.22,RETURN
ORD-23248,3,2024-07-10,customer_3248@email.com,Denver,STORE-DEN06,SKU-E102,Electronics,3,143.69,0.0,0.0,34.49,465.56,SALE
ORD-23258,2,2025-07-21,customer_3258@email.com,San Francisco,STORE-SF08,SKU-A202,Apparel,4,35.01,0.0,0.0,11.2,151.24,SALE
ORD-23307,1,2021-09-16,customer_3307@email.com,Miami,STORE-MIA05,SKU-E101,Electronics,5,223.67,55.92,0.0,84.99,1147.42,SALE
ORD-23347,2,2021-03-17,customer_3347@email.com,San Francisco,STORE-SF08,SKU-A202,Apparel,4,78.74,15.75,0.0,23.94,323.15,SALE
ORD-23370,1,2024-11-05,customer_3370@email.com,New York,STORE-NY01,SKU-E102,Electronics,4,440.3,176.12,0.0,126.81,1711.89,SALE
ORD-23393,2,2025-02-19,customer_3393@email.com,Chicago,STORE-CHI02,SKU-E102,Electronics,5,220.05,0.0,0.0,88.02,1188.27,SALE
ORD-23405,1,2022-01-29,customer_3405@email.com,San Francisco,STORE-SF08,SKU-F404,Food,4,19.8,7.92,0.0,5.7,76.98,SALE
ORD-23413,2,2022-10-01,customer_3413@email.com,Seattle,STORE-SEA04,SKU-A202,Apparel,4,106.74,42.7,0.0,30.74,415.0,SALE
ORD-23488,2,2022-07-07,customer_3488@email.com,Austin,STORE-AUS07,SKU-F404,Food,2,24.35,4.87,0.0,3.51,47.34,SALE
ORD-23499,2,2022-03-22,customer_3499@email.com,Chicago,STORE-CHI02,SKU-H303,Home,3,22.09,0.0,-0.53,5.34,72.14,SALE
ORD-23595,1,2021-10-16,customer_3595@email.com,New York,STORE-NY01,SKU-A201,Apparel,1,101.21,10.12,0.0,7.29,98.38,SALE
ORD-23599,1,2023-02-02,customer_3599@email.com,Miami,STORE-MIA05,SKU-H303,Home,1,146.87,0.0,0.0,11.75,158.62,SALE
ORD-23646,2,2024-02-15,customer_3646@email.com,Miami,STORE-MIA05,SKU-9999,Home,2,104.97,10.5,0.0,15.96,215.4,SALE
ORD-23698,2,2022-10-31,customer_3698@email.com,Chicago,STORE-CHI02,SKU-A201,Apparel,1,49.33,2.47,0.0,3.75,50.61,SALE
ORD-23744,1,2025-01-16,customer_3744@email.com,Boston,STORE-BOS03,SKU-F401,Food,4,11.77,4.71,0.0,3.39,45.76,SALE
ORD-23796,3,2024-11-28,customer_3796@email.com,Boston,STORE-BOS03,SKU-A201,Apparel,3,72.89,0.0,0.0,17.49,236.16,SALE
ORD-23809,1,2025-03-20,customer_3809@email.com,Seattle,STORE-SEA04,SKU-E102,Electronics,1,926.3,92.63,0.0,66.69,900.36,SALE
ORD-23816,3,2025-02-07,customer_3816@email.com,Chicago,STORE-CHI02,SKU-F401,Food,5,8.18,2.04,0.0,3.11,41.97,SALE
ORD-23856,1,2025-06-22,customer_3856@email.com,Austin,STORE-AUS07,SKU-E101,Electronics,4,375.88,75.18,0.0,114.27,1542.61,SALE
ORD-23910,1,2022-10-25,customer_3910@email.com,New York,STORE-NY01,SKU-H301,Home,2,168.43,33.69,0.0,24.25,327.42,SALE
ORD-23952,2,2024-02-07,customer_3952@email.com,Denver,STORE-DEN06,SKU-H303,Home,4,61.56,0.0,0.0,19.7,265.94,SALE
ORD-23984,1,2023-03-31,customer_3984@email.com,Miami,STORE-MIA05,SKU-H301,Home,1,91.75,4.59,0.0,6.97,94.13,SALE
ORD-24012,1,2021-05-28,customer_4012@email.com,Denver,STORE-DEN06,SKU-X102,Food,5,6.89,1.72,0.0,2.62,35.35,SALE
ORD-24094,2,2021-11-15,customer_4094@email.com,New York,STORE-NY01,SKU-H303,Home,5,129.68,0.0,0.0,51.87,700.27,SALE
ORD-24095,1,2026-05-10,customer_4095@email.com,Boston,STORE-BOS03,SKU-A202,Apparel,5,78.31,39.16,0.0,28.19,380.58,SALE
ORD-24128,2,2025-11-01,customer_4128@email.com,Chicago,STORE-CHI02,SKU-E101,Electronics,2,396.26,79.25,0.0,57.06,770.33,SALE
ORD-24154,1,2022-09-30,customer_4154@email.com,Seattle,STORE-SEA04,SKU-H301,Home,4,41.65,0.0,0.0,13.33,179.93,SALE
