order_id,order_line_item,amount_paid,calculated_amount,reconciliation_difference,transaction_type
ORD-10009,2,3094.52,3092.52,2.0,SALE
ORD-10037,1,14.54,24.54,-10.0,SALE
ORD-10038,1,165.12,159.62,5.5,SALE
ORD-10048,3,51.27,49.27,2.0,SALE
ORD-10135,2,55.32,65.32,-10.0,SALE
ORD-10160,2,70.43,80.43,-10.0,SALE
ORD-10188,2,182.06,180.06,2.0,SALE
ORD-10194,1,83.71,81.71,2.0,SALE
ORD-10223,2,146.98,156.98,-10.0,SALE
ORD-10241,1,322.85,317.35,5.5,SALE
ORD-10250,1,439.39,449.39,-10.0,SALE
ORD-10344,1,0.0,-1.89,1.89,SALE
ORD-10360,1,58.65,56.65,2.0,SALE
ORD-10389,1,35.26,45.26,-10.0,SALE
ORD-10390,3,1165.85,1175.85,-10.0,SALE
ORD-10398,1,299.05,293.55,5.5,SALE
ORD-10461,2,0.0,-8.71,8.71,SALE
ORD-10491,1,179.96,189.96,-10.0,SALE
ORD-10510,1,518.54,513.04,5.5,SALE
ORD-10540,1,92.68,102.68,-10.0,SALE
ORD-10547,1,356.54,354.54,2.0,SALE
ORD-10550,1,25.13,23.13,2.0,SALE
ORD-10553,3,1726.77,1724.77,2.0,SALE
ORD-10558,1,102.31,112.31,-10.0,SALE
ORD-10559,1,27.86,25.86,2.0,SALE
ORD-10572,1,284.79,279.29,5.5,SALE
ORD-10604,1,22.77,20.77,2.0,SALE
ORD-10606,1,185.04,183.04,2.0,SALE
ORD-10626,2,100.54,110.54,-10.0,SALE
ORD-10722,2,127.68,137.68,-10.0,SALE
ORD-10740,1,1217.78,1212.28,5.5,SALE
ORD-10779,2,3057.38,3067.38,-10.0,SALE
ORD-10810,1,548.19,542.69,5.5,SALE
ORD-10820,2,227.35,221.85,5.5,SALE
ORD-10853,1,1772.81,1770.81,2.0,SALE
ORD-10859,1,7.8,5.8,2.0,SALE
ORD-10922,1,450.05,460.05,-10.0,SALE
ORD-10982,1,4195.52,4193.52,2.0,SALE
ORD-10984,1,1840.29,1838.29,2.0,SALE
ORD-11013,1,319.91,317.91,2.0,SALE
ORD-11019,2,26.0,20.5,5.5,SALE
ORD-11042,2,2073.29,2071.29,2.0,SALE
ORD-11080,1,154.79,152.79,2.0,SALE
ORD-11097,1,582.26,580.26,2.0,SALE
ORD-11104,1,95.46,89.96,5.5,SALE
ORD-11124,3,458.69,456.69,2.0,SALE
ORD-11153,1,271.88,269.88,2.0,SALE
ORD-11168,2,15.23,25.23,-10.0,SALE
ORD-11189,1,492.1,502.1,-10.0,SALE
ORD-11213,1,172.82,170.82,2.0,SALE
ORD-11261,3,130.29,140.29,-10.0,SALE
ORD-11331,1,234.75,232.75,2.0,SALE
ORD-11331,1,234.75,232.75,2.0,SALE
ORD-11375,1,2035.99,2033.99,2.0,SALE
ORD-11389,1,1145.72,1143.72,2.0,SALE
ORD-11414,3,1070.24,1068.24,2.0,SALE
ORD-11435,2,124.39,122.39,2.0,SALE
ORD-11443,1,19.94,29.94,-10.0,SALE
ORD-11450,1,83.16,81.16,2.0,SALE
ORD-11528,1,3009.78,3019.78,-10.0,SALE
ORD-11548,1,485.66,483.66,2.0,SALE
ORD-11620,1,628.51,638.51,-10.0,SALE
ORD-11653,2,116.84,111.34,5.5,SALE
ORD-11666,3,435.85,445.85,-10.0,SALE
ORD-11753,1,64.78,62.78,2.0,SALE
ORD-11770,2,600.21,598.21,2.0,SALE
ORD-11782,1,73.4,83.4,-10.0,SALE
ORD-11792,1,148.84,158.84,-10.0,SALE
ORD-11825,2,466.83,464.83,2.0,SALE
ORD-11885,1,0.0,-5.3,5.3,SALE
ORD-11900,1,281.71,291.71,-10.0,RETURN
ORD-11931,1,381.32,379.32,2.0,SALE
ORD-11939,1,106.72,104.72,2.0,SALE
ORD-11945,1,179.1,173.6,5.5,SALE
ORD-12020,2,41.94,36.44,5.5,SALE
ORD-12081,1,490.11,488.11,2.0,RETURN
ORD-12125,1,795.15,805.15,-10.0,SALE
ORD-12211,2,2595.54,2605.54,-10.0,SALE
ORD-12237,2,188.96,186.96,2.0,SALE
ORD-12269,1,3469.87,3479.87,-10.0,SALE
ORD-12270,1,378.67,373.17,5.5,SALE
ORD-12280,1,3360.11,3358.11,2.0,SALE
ORD-12353,3,48.96,58.96,-10.0,SALE
ORD-12381,1,442.63,452.63,-10.0,SALE
ORD-12415,2,3216.86,3214.86,2.0,SALE
ORD-12419,1,144.96,154.96,-10.0,SALE
ORD-12452,1,2503.31,2497.81,5.5,RETURN
ORD-12453,3,47.32,57.32,-10.0,SALE
ORD-12465,1,770.18,768.18,2.0,SALE
ORD-12526,2,58.78,53.28,5.5,SALE
ORD-12541,1,1934.1,1944.1,-10.0,SALE
ORD-12545,3,1215.76,1225.76,-10.0,SALE
ORD-12554,1,292.68,290.68,2.0,SALE
ORD-12557,2,70.24,80.24,-10.0,SALE
ORD-12568,1,139.69,149.69,-10.0,SALE
ORD-12573,2,644.67,639.17,5.5,SALE
ORD-12710,1,195.81,190.31,5.5,SALE
ORD-12733,1,133.77,128.27,5.5,SALE
ORD-12735,2,2938.35,2936.35,2.0,SALE
ORD-12751,1,0.0,-4.78,4.78,SALE
ORD-12779,2,4117.03,4115.03,2.0,RETURN
ORD-12840,1,71.15,69.15,2.0,SALE
ORD-12851,2,13.51,8.01,5.5,RETURN
ORD-12896,1,94.3,88.8,5.5,SALE
ORD-12900,1,287.38,281.88,5.5,SALE
ORD-12919,3,142.83,152.83,-10.0,SALE
ORD-12931,1,168.85,178.85,-10.0,SALE
ORD-12967,1,446.33,456.33,-10.0,SALE
ORD-12985,1,78.84,76.84,2.0,SALE
ORD-13002,1,191.26,189.26,2.0,RETURN
ORD-13008,2,195.16,193.16,2.0,SALE
ORD-13062,1,65.15,75.15,-10.0,SALE
ORD-13096,2,319.03,329.03,-10.0,SALE
ORD-13106,1,1033.05,1031.05,2.0,SALE
ORD-13107,1,390.33,384.83,5.5,SALE
ORD-13108,3,349.66,347.66,2.0,SALE
ORD-13114,1,50.79,60.79,-10.0,SALE
ORD-13118,2,518.84,516.84,2.0,SALE
ORD-13130,1,437.69,432.19,5.5,SALE
ORD-13143,2,647.98,645.98,2.0,SALE
ORD-13168,3,156.65,151.15,5.5,RETURN
ORD-13227,2,198.62,208.62,-10.0,SALE
ORD-13235,2,1172.86,1182.86,-10.0,SALE
ORD-13323,2,5811.58,5821.58,-10.0,SALE
ORD-13369,1,375.34,385.34,-10.0,SALE
ORD-13396,1,113.83,123.83,-10.0,SALE
ORD-13414,3,322.74,332.74,-10.0,SALE
ORD-13414,3,322.74,332.74,-10.0,SALE
ORD-13418,3,666.46,676.46,-10.0,SALE
ORD-13427,1,2143.14,2153.14,-10.0,SALE
ORD-13448,1,32.14,42.14,-10.0,SALE
ORD-13455,1,0.0,-7.27,7.27,SALE
ORD-13514,2,285.46,283.46,2.0,SALE
ORD-13579,1,214.41,224.41,-10.0,SALE
ORD-13599,1,141.13,139.13,2.0,SALE
ORD-13607,1,50.82,48.82,2.0,SALE
ORD-13618,1,294.67,304.67,-10.0,SALE
ORD-13623,1,247.68,257.68,-10.0,SALE
ORD-13650,1,0.0,-0.2,0.2,SALE
ORD-13678,1,364.08,374.08,-10.0,SALE
ORD-13739,2,0.0,-7.46,7.46,SALE
ORD-13783,1,60.37,54.87,5.5,SALE
ORD-13784,1,77.2,75.2,2.0,SALE
ORD-13822,1,911.54,909.54,2.0,SALE
ORD-13825,1,24.91,19.41,5.5,SALE
ORD-13878,1,86.88,81.38,5.5,SALE
ORD-13881,2,87.06,81.56,5.5,SALE
ORD-13917,2,42.21,52.21,-10.0,SALE
ORD-13941,2,40.07,50.07,-10.0,SALE
ORD-13986,2,19.57,29.57,-10.0,SALE
ORD-14057,2,101.05,95.55,5.5,SALE
ORD-14096,3,338.83,333.33,5.5,SALE
ORD-14116,2,11.41,5.91,5.5,SALE
ORD-14120,1,23.63,21.63,2.0,SALE
ORD-14123,2,305.48,299.98,5.5,SALE
ORD-14167,1,0.0,-5.68,5.68,SALE
ORD-14217,1,81.0,91.0,-10.0,SALE
ORD-14236,2,378.2,388.2,-10.0,SALE
ORD-14240,1,0.0,-6.91,6.91,SALE
ORD-14252,3,59.26,53.76,5.5,SALE
ORD-14299,2,0.0,-2.72,2.72,SALE
ORD-14360,1,95.31,105.31,-10.0,SALE
ORD-14370,2,3768.81,3763.31,5.5,SALE
ORD-14385,1,199.77,209.77,-10.0,SALE
ORD-14386,1,46.82,44.82,2.0,SALE
ORD-14394,1,82.0,80.0,2.0,SALE
ORD-14414,1,1214.99,1224.99,-10.0,SALE
ORD-14460,2,54.57,64.57,-10.0,SALE
ORD-14488,2,508.73,506.73,2.0,SALE
ORD-14539,2,837.53,847.53,-10.0,SALE
ORD-14554,2,1175.4,1173.4,2.0,SALE
ORD-14569,1,113.55,123.55,-10.0,SALE
ORD-14583,1,1162.72,1160.72,2.0,SALE
ORD-14634,1,74.9,69.4,5.5,SALE
ORD-14645,3,123.05,117.55,5.5,SALE
ORD-14645,3,123.05,117.55,5.5,SALE
ORD-14657,3,216.33,214.33,2.0,SALE
ORD-14849,1,4657.8,4655.8,2.0,SALE
ORD-14865,1,92.41,90.41,2.0,SALE
ORD-14866,2,146.68,156.68,-10.0,RETURN
ORD-14870,2,22.59,17.09,5.5,SALE
ORD-14873,1,46.22,56.22,-10.0,RETURN
ORD-14902,1,1156.27,1154.27,2.0,SALE
ORD-14937,1,248.46,246.46,2.0,SALE
ORD-14937,2,2138.95,2148.95,-10.0,SALE
ORD-14937,2,2138.95,2148.95,-10.0,SALE
ORD-14938,1,50.09,48.09,2.0,SALE
ORD-14942,2,27.7,25.7,2.0,SALE
ORD-14999,1,56.4,54.4,2.0,SALE
ORD-15042,1,0.0,-5.26,5.26,SALE
ORD-15092,1,666.29,660.79,5.5,SALE
ORD-15117,2,912.28,906.78,5.5,SALE
ORD-15135,1,440.57,435.07,5.5,SALE
ORD-15141,2,100.38,98.38,2.0,SALE
ORD-15188,3,0.0,-3.54,3.54,SALE
ORD-15198,2,0.0,-6.18,6.18,SALE
ORD-15230,1,338.73,348.73,-10.0,SALE
ORD-15238,1,3916.23,3926.23,-10.0,SALE
ORD-15238,1,3916.23,3926.23,-10.0,SALE
ORD-15240,1,87.31,81.81,5.5,SALE
ORD-15243,2,74.93,84.93,-10.0,SALE
ORD-15253,1,137.37,135.37,2.0,RETURN
ORD-15310,1,0.0,-11.73,11.73,SALE
ORD-15368,1,77.29,87.29,-10.0,RETURN
ORD-15385,2,374.16,384.16,-10.0,SALE
ORD-15453,1,1088.94,1098.94,-10.0,SALE
ORD-15482,1,280.33,274.83,5.5,SALE
ORD-15490,1,1294.96,1289.46,5.5,SALE
ORD-15519,1,2036.16,2030.66,5.5,SALE
ORD-15553,1,15.66,10.16,5.5,SALE
ORD-15572,1,5611.66,5621.66,-10.0,SALE
ORD-15576,1,540.53,538.53,2.0,SALE
ORD-15649,1,3945.36,3943.36,2.0,SALE
ORD-15668,1,1457.69,1455.69,2.0,SALE
ORD-15742,2,981.35,991.35,-10.0,SALE
ORD-15743,1,4222.53,4232.53,-10.0,SALE
ORD-15795,1,486.27,480.77,5.5,SALE
ORD-15803,1,0.0,-8.66,8.66,RETURN
ORD-15804,1,248.07,242.57,5.5,SALE
ORD-15840,1,190.04,200.04,-10.0,SALE
ORD-15860,1,173.9,171.9,2.0,SALE
ORD-15877,1,46.24,44.24,2.0,SALE
ORD-15920,2,0.0,-1.43,1.43,RETURN
ORD-15924,3,108.01,106.01,2.0,SALE
ORD-15973,2,500.84,495.34,5.5,SALE
ORD-15977,1,208.06,206.06,2.0,SALE
ORD-15989,1,250.34,244.84,5.5,SALE
ORD-15989,1,250.34,244.84,5.5,SALE
ORD-15998,1,4887.02,4897.02,-10.0,SALE
ORD-16026,1,748.6,743.1,5.5,SALE
ORD-16053,1,19.13,29.13,-10.0,SALE
ORD-16085,1,66.54,61.04,5.5,SALE
ORD-16124,2,27.61,25.61,2.0,SALE
ORD-16162,1,88.95,98.95,-10.0,SALE
ORD-16166,1,275.45,269.95,5.5,SALE
ORD-16183,1,2407.84,2402.34,5.5,SALE
ORD-16219,2,115.07,109.57,5.5,SALE
ORD-16238,2,92.39,102.39,-10.0,SALE
ORD-16289,1,251.53,246.03,5.5,SALE
ORD-16322,1,396.78,394.78,2.0,SALE
ORD-16337,2,141.18,151.18,-10.0,SALE
ORD-16339,2,152.61,150.61,2.0,SALE
ORD-16344,1,448.34,442.84,5.5,SALE
ORD-16372,2,13.66,8.16,5.5,RETURN
ORD-16391,1,45.45,55.45,-10.0,SALE
ORD-16407,1,2725.16,2719.66,5.5,SALE
ORD-16410,1,226.51,236.51,-10.0,SALE
ORD-16461,2,36.98,31.48,5.5,SALE
ORD-16468,1,0.0,-3.91,3.91,SALE
ORD-16484,1,45.42,43.42,2.0,SALE
ORD-16494,2,24.16,22.16,2.0,SALE
ORD-16529,1,69.97,79.97,-10.0,SALE
ORD-16543,3,3437.03,3447.03,-10.0,SALE
ORD-16596,2,150.24,160.24,-10.0,SALE
ORD-16630,1,40.5,38.5,2.0,SALE
ORD-16638,1,4161.94,4159.94,2.0,SALE
ORD-16641,2,5938.44,5936.44,2.0,SALE
ORD-16653,2,56.27,50.77,5.5,SALE
ORD-16669,1,49.06,43.56,5.5,SALE
ORD-16672,1,2852.71,2847.21,5.5,SALE
ORD-16724,1,38.29,32.79,5.5,SALE
ORD-16806,2,8.53,18.53,-10.0,SALE
ORD-16819,1,147.11,157.11,-10.0,SALE
ORD-16826,1,1300.74,1310.74,-10.0,SALE
ORD-16826,1,1300.74,1310.74,-10.0,SALE
ORD-16828,2,262.4,260.4,2.0,RETURN
ORD-16889,3,57.15,51.65,5.5,RETURN
ORD-16949,3,1055.38,1049.88,5.5,SALE
ORD-16963,1,4702.77,4712.77,-10.0,SALE
ORD-16966,1,13.46,23.46,-10.0,SALE
ORD-17000,1,169.37,179.37,-10.0,SALE
ORD-17078,1,207.34,205.34,2.0,SALE
ORD-17218,2,193.03,187.53,5.5,RETURN
ORD-17254,1,1769.29,1779.29,-10.0,SALE
ORD-17256,1,43.65,53.65,-10.0,SALE
ORD-17258,1,649.32,643.82,5.5,SALE
ORD-17333,1,334.69,344.69,-10.0,SALE
ORD-17339,1,7.38,17.38,-10.0,SALE
ORD-17341,2,0.0,-7.35,7.35,SALE
ORD-17355,1,623.48,617.98,5.5,SALE
ORD-17380,1,78.24,88.24,-10.0,SALE
ORD-17397,1,107.15,105.15,2.0,SALE
ORD-17401,2,21.49,19.49,2.0,SALE
ORD-17409,3,128.18,138.18,-10.0,SALE
ORD-17419,2,639.28,633.78,5.5,SALE
ORD-17434,2,2047.93,2045.93,2.0,SALE
ORD-17482,1,397.64,392.14,5.5,SALE
ORD-17530,1,640.95,638.95,2.0,SALE
ORD-17541,2,540.0,538.0,2.0,SALE
ORD-17544,1,196.15,194.15,2.0,SALE
ORD-17545,1,102.15,100.15,2.0,SALE
ORD-17551,1,480.61,478.61,2.0,SALE
ORD-17564,1,1758.83,1753.33,5.5,SALE
ORD-17571,1,3461.56,3471.56,-10.0,SALE
ORD-17591,3,2419.52,2429.52,-10.0,SALE
ORD-17641,2,5824.87,5822.87,2.0,SALE
ORD-17648,2,114.56,109.06,5.5,SALE
ORD-17650,2,142.16,140.16,2.0,SALE
ORD-17660,1,119.98,129.98,-10.0,SALE
ORD-17686,1,884.78,894.78,-10.0,SALE
ORD-17699,2,83.1,77.6,5.5,SALE
ORD-17701,1,364.73,362.73,2.0,SALE
ORD-17708,1,984.36,982.36,2.0,SALE
ORD-17751,1,1663.98,1673.98,-10.0,SALE
ORD-17811,1,67.06,61.56,5.5,SALE
ORD-17824,2,77.81,75.81,2.0,SALE
ORD-17828,2,157.26,167.26,-10.0,SALE
ORD-17885,3,321.74,331.74,-10.0,SALE
ORD-17894,2,805.26,799.76,5.5,SALE
ORD-17895,2,280.32,278.32,2.0,RETURN
ORD-17925,2,1863.6,1858.1,5.5,SALE
ORD-17956,1,58.82,56.82,2.0,SALE
ORD-17956,2,865.94,863.94,2.0,SALE
ORD-17961,1,252.28,262.28,-10.0,SALE
ORD-17961,1,252.28,262.28,-10.0,SALE
ORD-17971,1,21.2,19.2,2.0,SALE
ORD-17992,2,87.49,85.49,2.0,SALE
ORD-18003,1,86.0,84.0,2.0,SALE
ORD-18010,2,2232.15,2226.65,5.5,SALE
ORD-18013,2,0.0,-9.47,9.47,SALE
ORD-18018,2,95.16,93.16,2.0,SALE
ORD-18045,1,79.25,77.25,2.0,SALE
ORD-18076,1,136.1,130.6,5.5,SALE
ORD-18083,1,31.79,41.79,-10.0,SALE
ORD-18093,1,598.11,596.11,2.0,SALE
ORD-18177,2,60.27,58.27,2.0,SALE
ORD-18185,3,157.89,155.89,2.0,SALE
ORD-18190,1,54.89,64.89,-10.0,SALE
ORD-18203,2,46.11,56.11,-10.0,SALE
ORD-18204,2,39.91,34.41,5.5,RETURN
ORD-18210,2,1370.04,1364.54,5.5,SALE
ORD-18229,1,144.88,154.88,-10.0,SALE
ORD-18325,1,425.15,423.15,2.0,SALE
ORD-18387,1,277.99,272.49,5.5,SALE
ORD-18394,1,263.08,257.58,5.5,SALE
ORD-18415,1,385.1,379.6,5.5,SALE
ORD-18431,2,663.01,673.01,-10.0,SALE
ORD-18439,2,1893.53,1891.53,2.0,SALE
ORD-18502,1,90.38,88.38,2.0,SALE
ORD-18508,2,2547.23,2557.23,-10.0,SALE
ORD-18551,1,113.67,111.67,2.0,SALE
ORD-18553,1,39.77,49.77,-10.0,SALE
ORD-18565,1,192.27,202.27,-10.0,SALE
ORD-18600,3,29.03,39.03,-10.0,SALE
ORD-18703,1,590.87,588.87,2.0,SALE
ORD-18717,3,42.7,37.2,5.5,RETURN
ORD-18727,1,562.76,572.76,-10.0,SALE
ORD-18896,1,402.4,412.4,-10.0,SALE
ORD-18951,2,615.53,610.03,5.5,SALE
ORD-18989,1,391.02,389.02,2.0,SALE
ORD-19054,1,398.4,392.9,5.5,SALE
ORD-19073,1,302.51,300.51,2.0,SALE
ORD-19108,1,14.75,24.75,-10.0,SALE
ORD-19117,1,704.92,714.92,-10.0,SALE
ORD-19127,2,38.74,33.24,5.5,SALE
ORD-19129,2,104.49,98.99,5.5,SALE
ORD-19138,1,0.0,-5.0,5.0,SALE
ORD-19145,1,4.93,2.93,2.0,SALE
ORD-19152,3,103.13,97.63,5.5,SALE
ORD-19159,1,53.62,63.62,-10.0,SALE
ORD-19167,1,48.58,58.58,-10.0,SALE
ORD-19262,2,1676.09,1686.09,-10.0,SALE
ORD-19264,1,273.93,268.43,5.5,SALE
ORD-19296,2,265.38,275.38,-10.0,SALE
ORD-19315,1,424.22,422.22,2.0,SALE
ORD-19317,1,519.04,529.04,-10.0,SALE
ORD-19327,1,149.44,143.94,5.5,SALE
ORD-19330,3,0.0,-4.21,4.21,RETURN
ORD-19348,3,0.0,-2.68,2.68,SALE
ORD-19365,3,196.12,194.12,2.0,SALE
ORD-19382,1,64.04,62.04,2.0,SALE
ORD-19423,3,621.75,631.75,-10.0,SALE
ORD-19430,2,0.0,-4.13,4.13,SALE
ORD-19449,1,51.98,49.98,2.0,SALE
ORD-19491,1,161.16,171.16,-10.0,SALE
ORD-19536,2,2889.08,2883.58,5.5,SALE
ORD-19546,2,335.6,345.6,-10.0,SALE
ORD-19554,1,0.0,-4.19,4.19,SALE
ORD-19569,1,753.86,763.86,-10.0,SALE
ORD-19588,1,440.37,450.37,-10.0,SALE
ORD-19612,2,2441.31,2435.81,5.5,SALE
ORD-19634,2,7.14,17.14,-10.0,SALE
ORD-19670,1,39.45,49.45,-10.0,SALE
ORD-19679,1,101.76,99.76,2.0,SALE
ORD-19687,3,644.16,642.16,2.0,SALE
ORD-19756,1,70.62,68.62,2.0,SALE
ORD-19756,3,541.57,539.57,2.0,SALE
ORD-19756,3,541.57,539.57,2.0,SALE
ORD-19784,1,64.73,59.23,5.5,RETURN
ORD-19786,1,160.06,154.56,5.5,SALE
ORD-19828,1,89.83,87.83,2.0,SALE
ORD-19858,2,41.69,39.69,2.0,SALE
ORD-19909,1,0.0,-2.3,2.3,SALE
ORD-19940,1,534.84,544.84,-10.0,SALE
ORD-19971,1,1183.92,1193.92,-10.0,SALE
ORD-19988,1,63.12,57.62,5.5,SALE
ORD-20005,1,57.99,52.49,5.5,SALE
ORD-20020,1,102.04,96.54,5.5,SALE
ORD-20031,1,0.0,-0.96,0.96,SALE
ORD-20036,1,1228.86,1223.36,5.5,SALE
ORD-20061,2,64.92,62.92,2.0,SALE
ORD-20077,1,80.81,75.31,5.5,SALE
ORD-20087,3,638.25,632.75,5.5,SALE
ORD-20102,2,321.72,331.72,-10.0,SALE
ORD-20106,2,89.41,99.41,-10.0,SALE
ORD-20117,2,387.03,385.03,2.0,SALE
ORD-20124,1,18.62,28.62,-10.0,SALE
ORD-20140,3,84.93,82.93,2.0,SALE
ORD-20161,1,126.68,136.68,-10.0,SALE
ORD-20223,2,51.98,49.98,2.0,SALE
ORD-20255,1,1723.57,1733.57,-10.0,SALE
ORD-20289,3,852.5,850.5,2.0,SALE
ORD-20298,1,1992.66,1990.66,2.0,SALE
ORD-20316,1,225.08,235.08,-10.0,SALE
ORD-20318,1,340.35,334.85,5.5,SALE
ORD-20330,2,38.4,36.4,2.0,SALE
ORD-20359,2,2281.73,2279.73,2.0,SALE
ORD-20394,1,1389.71,1399.71,-10.0,SALE
ORD-20402,2,531.25,541.25,-10.0,SALE
ORD-20439,1,199.98,194.48,5.5,SALE
ORD-20444,3,135.9,145.9,-10.0,SALE
ORD-20492,1,934.68,929.18,5.5,SALE
ORD-20505,1,4941.38,4951.38,-10.0,SALE
ORD-20563,1,95.07,93.07,2.0,SALE
ORD-20579,1,694.13,704.13,-10.0,SALE
ORD-20586,3,0.0,-0.38,0.38,SALE
ORD-20629,1,5822.71,5820.71,2.0,SALE
ORD-20629,2,182.4,180.4,2.0,SALE
ORD-20673,2,40.02,38.02,2.0,SALE
ORD-20683,1,83.16,81.16,2.0,SALE
ORD-20684,3,36.32,46.32,-10.0,SALE
ORD-20703,2,98.81,93.31,5.5,SALE
ORD-20721,1,555.63,550.13,5.5,SALE
ORD-20760,1,165.91,175.91,-10.0,SALE
ORD-20769,1,58.85,53.35,5.5,SALE
ORD-20789,1,112.03,110.03,2.0,SALE
ORD-20809,1,190.35,188.35,2.0,SALE
ORD-20839,2,294.62,292.62,2.0,SALE
ORD-20847,1,3044.36,3054.36,-10.0,SALE
ORD-20905,1,260.55,258.55,2.0,SALE
ORD-20932,2,0.0,-3.51,3.51,SALE
ORD-20948,3,3529.76,3527.76,2.0,SALE
ORD-20950,1,411.01,409.01,2.0,SALE
ORD-20976,1,1102.68,1100.68,2.0,SALE
ORD-21035,1,2939.27,2937.27,2.0,SALE
ORD-21035,1,2939.27,2937.27,2.0,SALE
ORD-21063,2,87.09,85.09,2.0,SALE
ORD-21072,2,63.96,61.96,2.0,SALE
ORD-21091,2,401.86,411.86,-10.0,SALE
ORD-21097,2,54.48,64.48,-10.0,SALE
ORD-21115,1,3750.08,3748.08,2.0,SALE
ORD-21122,2,20.59,30.59,-10.0,SALE
ORD-21190,1,25.57,23.57,2.0,SALE
ORD-21239,1,68.94,66.94,2.0,SALE
ORD-21270,1,66.58,61.08,5.5,SALE
ORD-21282,2,3355.2,3365.2,-10.0,SALE
ORD-21305,1,63.29,61.29,2.0,SALE
ORD-21325,1,1254.09,1264.09,-10.0,SALE
ORD-21350,3,63.22,57.72,5.5,SALE
ORD-21356,2,81.72,91.72,-10.0,SALE
ORD-21453,2,2219.53,2217.53,2.0,SALE
ORD-21544,1,74.15,84.15,-10.0,SALE
ORD-21560,3,68.15,78.15,-10.0,SALE
ORD-21560,3,68.15,78.15,-10.0,SALE
ORD-21571,3,1627.11,1621.61,5.5,SALE
ORD-21595,1,524.05,518.55,5.5,SALE
ORD-21619,3,1526.44,1524.44,2.0,SALE
ORD-21638,2,173.97,168.47,5.5,SALE
ORD-21688,1,119.76,114.26,5.5,SALE
ORD-21745,1,26.74,21.24,5.5,SALE
ORD-21758,1,33.58,43.58,-10.0,SALE
ORD-21777,2,2405.44,2415.44,-10.0,SALE
ORD-21809,1,229.47,223.97,5.5,SALE
ORD-21847,1,137.96,135.96,2.0,SALE
ORD-21861,3,667.25,677.25,-10.0,SALE
ORD-21893,1,589.16,599.16,-10.0,SALE
ORD-21894,1,190.95,188.95,2.0,SALE
ORD-21927,2,203.2,201.2,2.0,SALE
ORD-21946,1,0.0,-7.92,7.92,SALE
ORD-21954,1,12.65,22.65,-10.0,SALE
ORD-22001,2,504.45,502.45,2.0,SALE
ORD-22059,2,24.86,34.86,-10.0,SALE
ORD-22062,1,92.78,102.78,-10.0,SALE
ORD-22162,1,454.17,452.17,2.0,SALE
ORD-22179,1,248.99,246.99,2.0,SALE
ORD-22210,2,521.34,515.84,5.5,SALE
ORD-22242,3,19.52,17.52,2.0,SALE
ORD-22251,1,415.25,425.25,-10.0,SALE
ORD-22321,2,617.77,612.27,5.5,SALE
ORD-22364,3,718.69,713.19,5.5,SALE
ORD-22382,3,3801.78,3796.28,5.5,SALE
ORD-22413,1,47.05,57.05,-10.0,SALE
ORD-22421,1,359.59,354.09,5.5,SALE
ORD-22421,3,3570.05,3580.05,-10.0,SALE
ORD-22425,2,2241.49,2251.49,-10.0,SALE
ORD-22430,1,0.0,-9.98,9.98,SALE
ORD-22535,2,27.32,21.82,5.5,SALE
ORD-22535,3,341.48,335.98,5.5,SALE
ORD-22536,1,264.1,274.1,-10.0,SALE
ORD-22573,2,956.75,954.75,2.0,RETURN
ORD-22581,2,189.72,199.72,-10.0,SALE
ORD-22604,2,124.24,134.24,-10.0,SALE
ORD-22618,1,92.28,90.28,2.0,SALE
ORD-22637,1,845.9,855.9,-10.0,RETURN
ORD-22668,2,135.36,145.36,-10.0,SALE
ORD-22687,2,187.7,185.7,2.0,SALE
ORD-22718,1,40.93,38.93,2.0,SALE
ORD-22752,3,0.0,-0.39,0.39,RETURN
ORD-22837,1,-4.96,5.04,-10.0,SALE
ORD-22850,2,373.99,368.49,5.5,SALE
ORD-22858,2,24.25,22.25,2.0,SALE
ORD-22921,1,19.59,29.59,-10.0,SALE
ORD-22946,1,32.47,26.97,5.5,SALE
ORD-22948,2,63.3,57.8,5.5,SALE
ORD-22983,1,747.22,745.22,2.0,SALE
ORD-23002,2,85.01,83.01,2.0,SALE
ORD-23028,1,197.95,207.95,-10.0,SALE
ORD-23040,1,5099.85,5109.85,-10.0,SALE
ORD-23048,1,366.16,360.66,5.5,SALE
ORD-23123,1,35.49,33.49,2.0,SALE
ORD-23148,1,21.28,31.28,-10.0,SALE
ORD-23232,3,2638.89,2648.89,-10.0,SALE
ORD-23247,2,36.96,31.46,5.5,SALE
ORD-23358,2,369.71,367.71,2.0,SALE
ORD-23388,1,25.83,20.33,5.5,SALE
ORD-23396,2,1225.95,1220.45,5.5,RETURN
ORD-23451,1,595.32,605.32,-10.0,SALE
ORD-23464,3,323.88,333.88,-10.0,SALE
ORD-23543,1,124.99,119.49,5.5,SALE
ORD-23564,1,426.01,424.01,2.0,SALE
ORD-23603,2,-2.65,7.35,-10.0,SALE
ORD-23604,3,385.03,383.03,2.0,SALE
ORD-23627,1,1440.26,1450.26,-10.0,SALE
ORD-23694,3,33.37,31.37,2.0,SALE
ORD-23714,1,78.55,88.55,-10.0,SALE
ORD-23762,2,3489.97,3487.97,2.0,SALE
ORD-23763,1,0.0,-7.16,7.16,SALE
ORD-23778,1,15.34,25.34,-10.0,SALE
ORD-23846,1,282.25,280.25,2.0,SALE
ORD-23862,1,575.22,569.72,5.5,SALE
ORD-23867,2,480.55,478.55,2.0,SALE
ORD-23889,1,0.0,-4.53,4.53,SALE
ORD-23912,1,120.53,115.03,5.5,SALE
ORD-23979,2,855.19,849.69,5.5,SALE
ORD-23993,1,1.35,11.35,-10.0,SALE
ORD-24004,2,637.43,635.43,2.0,SALE
ORD-24009,1,20.23,14.73,5.5,SALE
ORD-24056,3,0.0,-0.79,0.79,SALE
ORD-24071,2,957.33,951.83,5.5,SALE
ORD-24073,2,37.15,35.15,2.0,RETURN
ORD-24101,1,438.75,436.75,2.0,SALE
ORD-24112,3,3163.54,3173.54,-10.0,SALE
ORD-24134,2,33.8,28.3,5.5,SALE
ORD-24150,1,327.36,337.36,-10.0,SALE
ORD-24157,1,19.39,29.39,-10.0,SALE
